,Plant State,AER Fuel Code,m,b,Rsq,Std Error
0,Entire US,COL,-0.014865087298135104,30.305916087432372,0.9175621225434261,0.0014090069199930056
1,Entire US,DFO,-8.99643777456112e-05,0.18258997590463066,0.4965647668098828,2.8645369788762732e-05
2,Entire US,GEO,4.005276446431153e-05,-0.0767752806681649,0.8533576236398192,5.2504521544957555e-06
3,Entire US,HPS,5.578475851399771e-05,-0.11358057142583455,0.5139104569858375,1.715655035411678e-05
4,Entire US,HYC,-0.00017879784294475319,0.42563770768238474,0.016727360754584496,0.00043349644540642015
5,Entire US,MLG,0.00012573213566547038,-0.24875227241337253,0.9670538953170257,7.33876515401174e-06
6,Entire US,NG,0.012161983454658416,-24.198242241184268,0.9089642909636392,0.001217129774755118
7,Entire US,NUC,-0.00013885453346620033,0.47447790825116043,0.02633946092394075,0.0002669687370894136
8,Entire US,OOG,-4.0489641500029595e-05,0.08443141312035346,0.24902447064813432,2.223493230378171e-05
9,Entire US,ORW,2.977116137713771e-05,-0.05920575935919727,0.928814748517387,2.6063110015928938e-06
10,Entire US,OTH,3.74966880274856e-05,-0.07216407726237825,0.4709790125901298,1.2566912260055846e-05
11,Entire US,PC,-0.0002458608674554619,0.4977358606527443,0.7859922785674492,4.0569064318317725e-05
12,Entire US,RFO,-0.001722176025780305,3.467891465739902,0.7148150760992504,0.0003439885357769514
13,Entire US,SUN,0.00042911514337078024,-0.8610274707244367,0.6202627906295949,0.00010617629186433048
14,Entire US,WND,0.004418364354538293,-8.855898586622198,0.9765023589882159,0.0002167389726199432
15,Entire US,WOC,-8.325978923009212e-05,0.17018923023786206,0.46470141584054503,2.825832116092571e-05
16,Entire US,WOO,-1.0724237267466177e-05,0.02189565174275261,0.35467730215566323,4.574442638761761e-06
17,Entire US,WWW,7.691415290936071e-05,-0.14511904110477525,0.37479681684833466,3.141368645752856e-05
18,AL,COL,-0.03014248699450655,60.99540907853047,0.9114725926792051,0.00297061348192078
19,AL,DFO,-0.0001129999607118224,0.22802523880475611,0.706768230018907,2.3016818536234657e-05
20,AL,GEO,0.0,0.0,0.0,0.0
21,AL,HPS,0.0,0.0,0.0,0.0
22,AL,HYC,0.00039753466699752693,-0.7373756614134972,0.0065607146998634645,0.0015469279846597064
23,AL,MLG,2.1221255395755843e-05,-0.042568416122338325,0.48836552564830316,7.24031094308572e-06
24,AL,NG,0.026070784122458935,-52.15454009200149,0.9128603159263444,0.002547181666219558
25,AL,NUC,0.00445839342603484,-8.703898281617473,0.6779597561382428,0.0009716984404328948
26,AL,OOG,-5.860525794287616e-06,0.012990303067168165,0.0018109071354695094,4.3510582934987575e-05
27,AL,ORW,-1.044783497027797e-05,0.021081266523702444,0.3620667792495803,4.622727775972839e-06
28,AL,OTH,8.669175912679302e-05,-0.17329198416289074,0.06586488400178998,0.00010882644550432319
29,AL,PC,0.0,0.0,0.0,0.0
30,AL,RFO,-1.9711636395890865e-05,0.03975845789447408,0.5161867387522869,6.034734140563196e-06
31,AL,SUN,0.0,0.0,0.0,0.0
32,AL,WND,0.0,0.0,0.0,0.0
33,AL,WOC,0.0,0.0,0.0,0.0
34,AL,WOO,-2.3111849514621057e-06,0.004699336575670401,0.03829216616833076,3.6626996799373892e-06
35,AL,WWW,-0.0006839104718174819,1.3955061225635639,0.45418071345266436,0.00023708787721024916
36,TX,COL,-0.006724270827418394,13.86304580937204,0.6332587525115214,0.001618208489470193
37,TX,DFO,-1.2998202999093245e-05,0.026388177222117018,0.5475145973837747,3.736695858170341e-06
38,TX,GEO,0.0,0.0,0.0,0.0
39,TX,HPS,0.0,0.0,0.0,0.0
40,TX,HYC,-0.00019765711932828836,0.3994792594101381,0.46954505982400624,6.643517342180094e-05
41,TX,MLG,9.755012273465264e-05,-0.1949894991025674,0.9518262188606924,6.93991827096487e-06
42,TX,NG,5.330394847121617e-05,0.3757504491712156,9.030018407599544e-05,0.0017737624357803635
43,TX,NUC,-0.0015096961536679389,3.1302669839562496,0.6784415508160921,0.00032867244247335864
44,TX,OOG,-0.0003435498264210123,0.6979857258027305,0.6964819575504599,7.171781580860525e-05
45,TX,ORW,2.2380341077008545e-05,-0.04479219376336186,0.721457695149549,4.397510127968875e-06
46,TX,OTH,-0.00012293673753032908,0.24838733268457663,0.42227020038098767,4.5472502048061375e-05
47,TX,PC,-0.0002740573157247945,0.5529653219175379,0.5895431106045057,7.231316833736951e-05
48,TX,RFO,-2.9926103536329115e-05,0.060194626518177724,0.6974522331309078,7.449736218006757e-06
49,TX,SUN,6.6807318521092e-05,-0.13406749190453018,0.6731436375990472,1.4721383942823091e-05
50,TX,WND,0.008985798615125974,-18.004382571502976,0.9845134888198518,0.000356387645978542
51,TX,WOC,0.0,0.0,0.0,0.0
52,TX,WOO,-7.041902426308025e-07,0.0014207752897982629,0.6347529771139221,1.6891996090460373e-07
53,TX,WWW,-1.768878696969713e-05,0.03769062096511392,0.04700884727656153,2.5185622244440646e-05
54,MN,COL,-0.01997228060497392,40.676233578885636,0.8987921880872685,0.0021193614593912518
55,MN,DFO,-0.00015387619793455975,0.31043093690014634,0.3658520183639087,6.406399632559978e-05
56,MN,GEO,0.0,0.0,0.0,0.0
57,MN,HPS,0.0,0.0,0.0,0.0
58,MN,HYC,-0.00015203797933838106,0.31843799571801396,0.06101019346854335,0.00018861721442504077
59,MN,MLG,2.352138732579945e-05,-0.0399747717136916,0.02150740720451885,5.017041296062489e-05
60,MN,NG,0.007625173505664306,-15.24753433888162,0.6137760431135344,0.0019127771194677788
61,MN,NUC,-0.00358264477571061,7.433418212520915,0.7396899239493712,0.0006720852860784708
62,MN,OOG,-1.5044796251894835e-05,0.030351458142733063,0.06351541697022021,1.8268254358459427e-05
63,MN,ORW,0.0005193763225622069,-1.0384724977519437,0.17784280798629412,0.00035313553675791207
64,MN,OTH,0.00017007784165136495,-0.33562350120316975,0.5027682698403944,5.3486382113503635e-05
65,MN,PC,-0.0011773992801530715,2.369244795898002,0.6452908989373806,0.00039038862929796604
66,MN,RFO,-8.474495035507038e-05,0.17059890668750963,0.7028152097743026,1.7426354444705257e-05
67,MN,SUN,5.118597931709631e-06,-0.01027118099211178,0.6671215919830141,1.20523039695682e-06
68,MN,WND,0.015870583350283567,-31.79503983393882,0.9727112886725409,0.0008406058844443484
69,MN,WOC,0.0,0.0,0.0,0.0
70,MN,WOO,2.8280739869229613e-06,-0.005670214456634783,0.8049476646956751,6.960693745923522e-07
71,MN,WWW,0.0008675882919181009,-1.727955432457578,0.8316508153802619,0.00012343794483946156
72,CA,COL,-0.0008324196293122216,1.681121545983261,0.773904070128149,0.00014228041379817723
73,CA,DFO,-2.7262445065717236e-05,0.05511350972184954,0.390707312426189,1.0765941527200644e-05
74,CA,GEO,-8.202811465326977e-05,0.22679705135467543,0.0457254856116074,0.00011850051266820259
75,CA,HPS,0.0001605397620726835,-0.32233626855826203,0.11034476990763219,0.00014415098237267806
76,CA,HYC,-0.008985183669128656,18.202505110482196,0.45079016256982085,0.0031362371718558716
77,CA,MLG,0.00024264382492305772,-0.4787392125790142,0.8669957818902425,3.0053389385655953e-05
78,CA,NG,0.009155237708050048,-17.85490596769099,0.36261528183187147,0.0038383749543202776
79,CA,NUC,-0.007817860666394014,15.849090226832393,0.5767706111368327,0.0021177479647066628
80,CA,OOG,-0.00034297309139293787,0.6976407910576367,0.7229765825887113,6.713611002708026e-05
81,CA,ORW,0.0001385040115295186,-0.2748500493466489,0.7435355818839668,2.5723202327380386e-05
82,CA,OTH,0.0002468477879626974,-0.49270173667673123,0.7812232447454915,4.130876867374737e-05
83,CA,PC,-0.0012697510876982176,2.556941847155833,0.9514148480043476,9.56454157430983e-05
84,CA,RFO,-1.7310362364700548e-06,0.00349488355982529,0.1980490913311194,1.316571968134002e-06
85,CA,SUN,0.00479294007976255,-9.616682890064169,0.534174799202507,0.0014153758846918419
86,CA,WND,0.004477488647110538,-8.95954815529161,0.85867661879058,0.0005744162062741729
87,CA,WOC,0.0,0.0,0.0,0.0
88,CA,WOO,-5.901256938014536e-05,0.11892134492207024,0.43071446614395503,2.145432567402738e-05
89,CA,WWW,0.00014296103215226248,-0.2692943606123159,0.14010082731843124,0.00011200079120341442
90,LA,COL,-0.008630013976936352,17.569394114724567,0.7130881446334751,0.0017310680388118306
91,LA,DFO,-2.618400416018633e-05,0.053085800693308045,0.13030294833716513,2.1391583735016276e-05
92,LA,GEO,0.0,0.0,0.0,0.0
93,LA,HPS,0.0,0.0,0.0,0.0
94,LA,HYC,-3.209672396771828e-05,0.07443428212391566,0.003984756606077895,0.0001604696111417332
95,LA,MLG,0.0,0.0,0.0,0.0
96,LA,NG,0.010544067696782157,-20.679334735589496,0.7205286042509802,0.0020765923715054748
97,LA,NUC,-0.0024927678422198936,5.178387718841235,0.43477886859849607,0.0008987870667392047
98,LA,OOG,-0.00011199044017956526,0.2424667745422307,0.008781517740485027,0.00037625376618811567
99,LA,ORW,-2.582601545033628e-06,0.005986433426344576,0.009417766922472346,8.375846403485494e-06
100,LA,OTH,-7.836065955458157e-05,0.16321334781362432,0.03564739809033037,0.00012888491604780492
101,LA,PC,0.0029080401458052582,-5.813884565801084,0.7269364396145648,0.0005636169587771437
102,LA,RFO,-0.001510982389767939,3.040416432273084,0.5365481801202721,0.0004440760339062202
103,LA,SUN,0.0,0.0,0.0,0.0
104,LA,WND,0.0,0.0,0.0,0.0
105,LA,WOC,0.0,0.0,0.0,0.0
106,LA,WOO,2.767726896372191e-06,-0.005531303303314751,0.027413107128726945,6.730273042120173e-06
107,LA,WWW,-0.0005656970617560061,1.1629394396829906,0.40438981099569016,0.00021710252773580828
108,KY,COL,-0.0015225342593336668,3.9789259511827466,0.08976505513022007,0.0015331695138361004
109,KY,DFO,5.4447161375664805e-06,-0.00969798170504877,0.02843125385624358,1.0065005207368126e-05
110,KY,GEO,0.0,0.0,0.0,0.0
111,KY,HPS,0.0,0.0,0.0,0.0
112,KY,HYC,0.0006835062991288918,-1.343063803314757,0.10209840026383916,0.0006409843488404683
113,KY,MLG,3.7665179667565784e-05,-0.07473793125373476,0.6239961373433849,9.245815991933018e-06
114,KY,NG,0.0033317476949986406,-6.673779306513595,0.45480590381681296,0.0011535452395225897
115,KY,NUC,0.0,0.0,0.0,0.0
116,KY,OOG,-4.584005831808268e-06,0.009234104283513532,0.5720021648524963,1.2539121523825192e-06
117,KY,ORW,-3.0457946652416472e-06,0.006140341900117768,0.27020290070342445,1.7697490631781848e-06
118,KY,OTH,2.024919566801281e-05,-0.04048894824526484,0.2222028500501096,1.1980257098353827e-05
119,KY,PC,-0.0025303273838008823,5.107567449112161,0.959685073509779,0.00016400054136623057
120,KY,RFO,0.0,0.0,0.0,0.0
121,KY,SUN,0.0,0.0,0.0,0.0
122,KY,WND,0.0,0.0,0.0,0.0
123,KY,WOC,0.0,0.0,0.0,0.0
124,KY,WOO,1.4341821659722108e-06,-0.0028755021054738543,0.21177035231930014,9.223098917088829e-07
125,KY,WWW,-1.9246639137155993e-05,0.04215508692533927,0.017667855823178192,4.5382890999821016e-05
126,NE,COL,0.0010412703327511057,-1.426976950418509,0.007647735658180955,0.0037508525618356933
127,NE,DFO,5.007632651846006e-06,-0.009290691933514155,0.004301569848251083,2.4092556387388096e-05
128,NE,GEO,0.0,0.0,0.0,0.0
129,NE,HPS,0.0,0.0,0.0,0.0
130,NE,HYC,0.003128321240990829,-6.261640798521639,0.681122023167361,0.0006768791630457073
131,NE,MLG,3.5172422771132516e-05,-0.06941625949798748,0.3291648592102158,1.5878279942563257e-05
132,NE,NG,-0.0010719325948284478,2.1710241682438545,0.20530118842936593,0.0006669189028374146
133,NE,NUC,-0.009966948768311584,20.292823233927557,0.42519054604919215,0.003664648941628137
134,NE,OOG,-2.364418818363868e-07,0.00047574363044896966,0.36980730996306704,1.091260281620675e-07
135,NE,ORW,-5.121160609891142e-06,0.010764401989343605,0.09652172185040367,4.95466988250489e-06
136,NE,OTH,0.0,0.0,0.0,0.0
137,NE,PC,0.0,0.0,0.0,0.0
138,NE,RFO,-2.3104355935073527e-05,0.046482013437114306,0.18818325244774065,1.8137748036220222e-05
139,NE,SUN,0.0,0.0,0.0,0.0
140,NE,WND,0.006852456888082018,-13.743978980930766,0.8360862621053259,0.0009594634718079588
141,NE,WOC,0.0,0.0,0.0,0.0
142,NE,WOO,0.0,0.0,0.0,0.0
143,NE,WWW,0.0,0.0,0.0,0.0
144,AK,COL,-0.0022468153975919547,4.597660848173563,0.3961990865185544,0.0008771170220916822
145,AK,DFO,-0.0016350872550716696,3.3388565983268235,0.19133505634299117,0.0010629870343680373
146,AK,GEO,0.0,0.0,0.0,0.0
147,AK,HPS,0.0,0.0,0.0,0.0
148,AK,HYC,0.003654071302841276,-7.1300715429832735,0.2592021573248809,0.0019534736889810903
149,AK,MLG,0.0007714402156254467,-1.548184477150135,0.5666364630381521,0.0002133419202430553
150,AK,NG,-0.006160995276020123,12.932887771310112,0.4782310142859532,0.002035031506485035
151,AK,NUC,0.0,0.0,0.0,0.0
152,AK,OOG,1.089944178446026e-05,-0.021837155359037026,0.06642228264695577,1.292178755588747e-05
153,AK,ORW,-3.321672628755791e-05,0.06764611734709072,0.1380223557749783,2.6250048560891464e-05
154,AK,OTH,0.0,0.0,0.0,0.0
155,AK,PC,0.0,0.0,0.0,0.0
156,AK,RFO,-0.004791203178726473,9.65789498458323,0.780051846637116,0.0008045314273875408
157,AK,SUN,0.0,0.0,0.0,0.0
158,AK,WND,0.0023800355111632874,-4.775944045959833,0.6472252687575637,0.0005556539929402464
159,AK,WOC,0.002648720215575791,-5.309633011590868,0.5426281645545425,0.0007689881176733474
160,AK,WOO,0.005408217322638366,-10.821482577524876,0.5221480634770037,0.0016360778847940847
161,AK,WWW,-9.504631052855308e-06,0.019110064595378225,0.6778376337311955,2.675064158992756e-06
162,NM,COL,-0.02196702818997203,44.87636333015676,0.939991383070422,0.001755157845949439
163,NM,DFO,7.51004172206935e-05,-0.14957908958608856,0.6292868037955032,1.8227917752882008e-05
164,NM,GEO,1.9971784084003148e-05,-0.04008587237235914,0.42495882418266034,7.346710186458442e-06
165,NM,HPS,0.0,0.0,0.0,0.0
166,NM,HYC,-0.00022620479734616398,0.45979004057893397,0.1974962005101792,0.00014419360086316126
167,NM,MLG,0.0,0.0,0.0,0.0
168,NM,NG,0.015810724825163356,-31.56350202151745,0.9093648757525274,0.0015784504729459894
169,NM,NUC,0.0,0.0,0.0,0.0
170,NM,OOG,0.0,0.0,0.0,0.0
171,NM,ORW,1.0171246965302876e-05,-0.01998126018533914,0.03180295448127847,1.8706868242962742e-05
172,NM,OTH,-7.699392776141891e-07,0.0015545074015030477,0.013084112149532716,2.2289645519783654e-06
173,NM,PC,0.0,0.0,0.0,0.0
174,NM,RFO,0.0,0.0,0.0,0.0
175,NM,SUN,0.0016819399113483411,-3.375015516359756,0.7558100275026244,0.00030232082527454143
176,NM,WND,0.004580730552339677,-9.158635837008317,0.9371532760272566,0.00037512046201949715
177,NM,WOC,0.0,0.0,0.0,0.0
178,NM,WOO,0.0,0.0,0.0,0.0
179,NM,WWW,0.0,0.0,0.0,0.0
180,NY,COL,-0.014542975672453383,29.317268875284917,0.9360919674056797,0.0012016327112986998
181,NY,DFO,-0.0002017209455161199,0.4085240793923288,0.23932099352304145,0.00011372640525498556
182,NY,GEO,0.0,0.0,0.0,0.0
183,NY,HPS,0.0002707837276179403,-0.5483246280883582,0.8409603973767602,3.723809291291909e-05
184,NY,HYC,0.000950348535508437,-1.7225068868941855,0.10506458404823504,0.0008771029760746843
185,NY,MLG,0.0002938511184130773,-0.5793570285360992,0.7312976643579339,5.632691626881277e-05
186,NY,NG,0.019460024502589126,-38.77029498520165,0.8625510072765229,0.002456528291381797
187,NY,NUC,0.0026977449730286145,-5.11341541892162,0.5277095757352663,0.0008070639983439872
188,NY,OOG,0.0,0.0,0.0,0.0
189,NY,ORW,-6.312914286970259e-06,0.012730321520737956,0.2228837350195161,3.727637771513349e-06
190,NY,OTH,-3.219289533160674e-06,0.013081214677781743,0.001607127664993818,2.537380424142462e-05
191,NY,PC,-0.0003544892260116314,0.714495235349869,0.12153188310909036,0.0003890857302521235
192,NY,RFO,-0.011609294895106573,23.36731343188673,0.6219719442313056,0.0028620845674274726
193,NY,SUN,6.0072461117902586e-05,-0.12054223022127236,0.7300475264720547,1.1551636482587945e-05
194,NY,WND,0.0029046090880406484,-5.821596781481266,0.9712923093468092,0.0001579108043540245
195,NY,WOC,-3.3056470927519716e-06,0.006646199176449311,0.6317469831741435,2.5238181268186986e-06
196,NY,WOO,4.7345889608088815e-05,-0.09430307714873877,0.22661375949867843,2.7659056653465574e-05
197,NY,WWW,0.00010407564405793891,-0.20519061481667966,0.3953038485814315,4.0705415123677604e-05
198,WA,COL,-0.004792307570398379,9.69819750214423,0.5963169184520541,0.001246884975660054
199,WA,DFO,-6.830751747429992e-06,0.013892661586980133,0.10185975616109989,6.4141522464121215e-06
200,WA,GEO,0.0,0.0,0.0,0.0
201,WA,HPS,4.201245765620887e-06,-0.008150155584052604,0.004613356075928924,1.9514862881818206e-05
202,WA,HYC,-0.0024292474734015678,5.595582527783251,0.044723062804145876,0.003550345654459561
203,WA,MLG,8.197721184465325e-05,-0.16294234186432363,0.5658602420169573,2.2706663954954546e-05
204,WA,NG,0.0015701595958818452,-3.0710543908938344,0.05470219472708052,0.0020640762983153826
205,WA,NUC,-0.0010775492863298532,2.242004146035812,0.08736383771463714,0.0011013367430792538
206,WA,OOG,4.4682542565197214e-05,-0.0867904137788893,0.13879884648061777,3.5196319446933464e-05
207,WA,ORW,5.965518626299616e-06,-0.011822279260126722,0.09970538087551119,5.668670776184447e-06
208,WA,OTH,6.005121172069647e-05,-0.11984405093840349,0.468814753665437,2.0213622083243992e-05
209,WA,PC,0.0,0.0,0.0,0.0
210,WA,RFO,-7.247119216222021e-06,0.014633639615776229,0.21979398974805991,4.317796252983523e-06
211,WA,SUN,8.110778012611902e-07,-0.001626189109051605,0.8766502148358415,1.1499250164485724e-07
212,WA,WND,0.006347406849684082,-12.717600630465821,0.9600628570448824,0.0004093878964432437
213,WA,WOC,7.598333244120737e-05,-0.1525160828246819,0.31766917293233077,3.711992090980115e-05
214,WA,WOO,-2.5986271735337057e-05,0.052344583432535036,0.6987181990830719,5.396092642741803e-06
215,WA,WWW,0.0001640927680970386,-0.31674415751173707,0.10468382995067105,0.00015175319858091153
216,AZ,COL,-0.002991548541076628,6.387030420671485,0.21431809674627444,0.001811298415638662
217,AZ,DFO,-3.042615105026209e-06,0.006584696193471514,0.012580970519180133,8.523946024044388e-06
218,AZ,GEO,0.0,0.0,0.0,0.0
219,AZ,HPS,-1.5783519373007077e-05,0.032554815243002244,0.007282777448917368,5.827309789518866e-05
220,AZ,HYC,-0.000723775245795058,1.5163802235615431,0.09352667151483059,0.0007125469759307108
221,AZ,MLG,1.792534734589983e-05,-0.03565615310011293,0.1878979968819117,1.1784517227716157e-05
222,AZ,NG,-0.0034793740657676764,7.273884580046829,0.1171731519300309,0.0030201243988548067
223,AZ,NUC,0.00394458833799992,-7.657540815476626,0.42682733015180396,0.0014455007238916343
224,AZ,OOG,0.0,0.0,0.0,0.0
225,AZ,ORW,2.1029607109445396e-06,-0.004190270723714671,0.1976646530827752,1.6013844034114586e-06
226,AZ,OTH,9.415183135272874e-06,-0.018867489491471,0.17818113205139596,6.7400747683190045e-06
227,AZ,PC,0.0,0.0,0.0,0.0
228,AZ,RFO,-1.565526488851809e-05,0.03140261185200647,0.7525391981682149,8.977368763212068e-06
229,AZ,SUN,0.002642216631383448,-5.302298635301104,0.672576850028414,0.0005829779860667106
230,AZ,WND,0.00044983245980175,-0.9024190020970374,0.8594783027079874,5.751816541484564e-05
231,AZ,WOC,0.0,0.0,0.0,0.0
232,AZ,WOO,8.162214186956488e-07,-0.0016315359247038581,0.02428057553956836,2.3139606637493793e-06
233,AZ,WWW,0.00015640776813258416,-0.31346542662514465,0.79133721522715,2.5398029498471086e-05
234,KS,COL,-0.017961550193484926,36.769242689974796,0.8810182893952434,0.002087331650461209
235,KS,DFO,-1.804421409343096e-05,0.03724413549423323,0.1585333547226735,1.3146074807400091e-05
236,KS,GEO,0.0,0.0,0.0,0.0
237,KS,HPS,0.0,0.0,0.0,0.0
238,KS,HYC,1.1807936277974695e-05,-0.023451755664576975,0.5145439458595044,3.6269179031988602e-06
239,KS,MLG,0.00016190195760584647,-0.32471246365597706,0.7827624291821107,2.697146786820141e-05
240,KS,NG,0.0008941471740096087,-1.755576303049047,0.049602946143770706,0.0012376784036753417
241,KS,NUC,-0.0036088550171609647,7.4393821283577,0.4403292758005125,0.0012866100797340589
242,KS,OOG,0.0,0.0,0.0,0.0
243,KS,ORW,-3.1658038492757204e-06,0.006349671491694202,0.19800756680122097,2.6010734701050017e-06
244,KS,OTH,8.866457520219681e-10,-1.77949802430809e-06,0.2500000000000001,5.119051636057213e-10
245,KS,PC,3.600250830809346e-05,-0.07134627885979994,0.007183990131730513,0.0001599687906735524
246,KS,RFO,-0.0027962180616926203,5.617729810604328,0.5403869302126441,0.0011532668300640902
247,KS,SUN,1.5257177075250533e-06,-0.0030626240115719573,0.23076923076923084,8.808735291469682e-07
248,KS,WND,0.02189149254591215,-43.900762527093214,0.8862237435279147,0.002480444430154834
249,KS,WOC,0.0,0.0,0.0,0.0
250,KS,WOO,0.0,0.0,0.0,0.0
251,KS,WWW,0.0,0.0,0.0,0.0
252,SC,COL,-0.015259757990458613,31.00740451765881,0.8211239591575082,0.0022522643922226245
253,SC,DFO,9.050478167340677e-06,-0.016890334471500117,0.004136600672197906,4.4406813594604415e-05
254,SC,GEO,0.0,0.0,0.0,0.0
255,SC,HPS,0.00033080994556736014,-0.6749649631291933,0.6555651820648178,7.58270466773658e-05
256,SC,HYC,0.0004000607389916593,-0.7822638841597556,0.04566963126245906,0.0005783111322535966
257,SC,MLG,0.00013284208117206545,-0.2655258182683253,0.8543843400642954,1.7342554678898086e-05
258,SC,NG,0.011012332457418813,-22.032888177989303,0.8669724195541687,0.00136410411558641
259,SC,NUC,0.0033348882614168004,-6.176198652496773,0.37929046648848186,0.0013490856771870858
260,SC,OOG,-2.8589773113539298e-06,0.005754533159071011,0.3208560583966224,1.6980906749376195e-06
261,SC,ORW,0.0,0.0,0.0,0.0
262,SC,OTH,-3.642063545281922e-05,0.0739699728486886,0.39834984196873086,1.4154261400222435e-05
263,SC,PC,-0.0004175942084574429,0.8401970214334248,0.22712797449392302,0.0003851615726410062
264,SC,RFO,-0.00016289294779891193,0.32782076812315336,0.7071635832231633,3.3147813047226854e-05
265,SC,SUN,3.262258693320638e-06,-0.006547657827048256,0.4225211373582023,1.206041419696131e-06
266,SC,WND,0.0,0.0,0.0,0.0
267,SC,WOC,0.0,0.0,0.0,0.0
268,SC,WOO,1.1892257749036304e-05,-0.023720016655983216,0.1476168535677784,9.036781224528349e-06
269,SC,WWW,0.0005261909509518724,-1.0386302497320938,0.6657923455046629,0.00011789141285018478
270,FL,COL,-0.010636529776326122,21.62548300193799,0.8127071747326672,0.0016147060919283532
271,FL,DFO,-0.00033350960762459534,0.6727778730064303,0.551465452888396,9.511459073030065e-05
272,FL,GEO,0.0,0.0,0.0,0.0
273,FL,HPS,0.0,0.0,0.0,0.0
274,FL,HYC,-1.27531734392094e-05,0.02657011154604144,0.060332404745164325,1.5915858640065637e-05
275,FL,MLG,-2.0284638341374603e-05,0.04864077306072382,0.03197427350030144,3.529477160883526e-05
276,FL,NG,0.02928661291867106,-58.320521158107304,0.9047993964412854,0.003004089358949171
277,FL,NUC,-0.003244545624843348,6.642502926777401,0.352844245909391,0.0013895263100317777
278,FL,OOG,-5.031903005237536e-06,0.010154024017044242,0.8122353874360971,7.65064728593872e-07
279,FL,ORW,3.435752120043385e-05,-0.06651662342665089,0.2209200130882662,2.040306049058631e-05
280,FL,OTH,-0.00016729690013831961,0.3500514410717405,0.24501077362011292,9.286791181668069e-05
281,FL,PC,-0.0027966479165123953,5.636070552769812,0.8194622246944968,0.0004151044302360562
282,FL,RFO,-0.0123488610586703,24.85627562441854,0.8269721519067307,0.0017862385792363252
283,FL,SUN,0.00011331106783277095,-0.22730475340263484,0.8599483499699163,1.4460398568769847e-05
284,FL,WND,0.0,0.0,0.0,0.0
285,FL,WOC,0.0,0.0,0.0,0.0
286,FL,WOO,-1.8596027831513506e-06,0.0037516954555825814,0.8170511495500635,2.782661679342078e-07
287,FL,WWW,0.000133038693979794,-0.2579354891247254,0.3421445002629176,5.833624165500737e-05
288,NV,COL,-0.02908322944709981,58.66692774810451,0.706477847314525,0.005928076470955221
289,NV,DFO,1.430801429417513e-05,-0.028354252548225573,0.3718189201496806,5.881065936839261e-06
290,NV,GEO,0.0048160306670978256,-9.623880559184206,0.935028627617679,0.00040145586775389283
291,NV,HPS,0.0,0.0,0.0,0.0
292,NV,HYC,0.0019137249068260336,-3.78528164036265,0.4536779097398917,0.0006640947901441597
293,NV,MLG,7.281740301901466e-05,-0.14611373522577317,0.6890458303754489,1.546889615242428e-05
294,NV,NG,0.01824749256958204,-36.02105837783134,0.47748560525554085,0.006036319008865451
295,NV,NUC,0.0,0.0,0.0,0.0
296,NV,OOG,-1.311239478822663e-05,0.026531654601484368,0.13165727869340133,1.0648910171189522e-05
297,NV,ORW,0.0,0.0,0.0,0.0
298,NV,OTH,3.244584732338326e-05,-0.06503613533829054,0.10996243493294139,2.9190471816741855e-05
299,NV,PC,0.0,0.0,0.0,0.0
300,NV,RFO,-0.000657770446533677,1.3198201799924034,0.6045193742201964,0.0003761983213137487
301,NV,SUN,0.003293313620765794,-6.607072454035983,0.7861579813360503,0.0005431561473298315
302,NV,WND,0.0008033098680219873,-1.6120093026319882,0.6871520829499649,0.0001714049272852531
303,NV,WOC,0.0,0.0,0.0,0.0
304,NV,WOO,0.0,0.0,0.0,0.0
305,NV,WWW,3.8224529801145725e-07,-0.000764065879025124,0.024280575539568344,1.0836527481907237e-06
306,UT,COL,-0.016408941814057575,33.79420238315972,0.8121806444778765,0.002495309559183005
307,UT,DFO,-4.5268739402131835e-05,0.09190102395292482,0.277490013084967,2.309918459141784e-05
308,UT,GEO,0.0006097305362147168,-1.218340281156877,0.7875844050526077,0.00010013423649589694
309,UT,HPS,0.0,0.0,0.0,0.0
310,UT,HYC,0.00019911628706443735,-0.3829365109455159,0.019516998023485888,0.00044629324219690896
311,UT,MLG,0.00016307030815798122,-0.3267128368989697,0.9105213220565312,1.616551746466156e-05
312,UT,NG,0.013286112710878211,-26.564935337410084,0.6947580937108749,0.0027848589499629792
313,UT,NUC,0.0,0.0,0.0,0.0
314,UT,OOG,-0.00020331645087716928,0.4094726622545272,0.6997249437644423,5.437419562269831e-05
315,UT,ORW,2.1203602672147786e-05,-0.042552307084695706,0.5883007859379729,5.609187560005994e-06
316,UT,OTH,0.0003023076477675672,-0.6050455160703787,0.3920044368254575,0.00012549678297590677
317,UT,PC,0.0,0.0,0.0,0.0
318,UT,RFO,0.0,0.0,0.0,0.0
319,UT,SUN,3.313421915873637e-05,-0.06650728466978033,0.2962974506056295,1.6147576298262986e-05
320,UT,WND,0.0018507969521131416,-3.711853297475452,0.8084872591901578,0.00028485314666469564
321,UT,WOC,-2.2622535261410264e-06,0.014315706973007759,0.00015160958763966998,5.809583745347149e-05
322,UT,WOO,0.0,0.0,0.0,0.0
323,UT,WWW,0.0,0.0,0.0,0.0
324,OK,COL,-0.016132680703637246,32.87034080870787,0.84027041330873,0.002224281175640141
325,OK,DFO,-1.3544700026021776e-05,0.02742194407316411,0.28194904700714263,6.835364950050562e-06
326,OK,GEO,0.0,0.0,0.0,0.0
327,OK,HPS,0.00016198455862355402,-0.32742250051315014,0.5945165798476005,4.2303683281371565e-05
328,OK,HYC,-0.0014174629996775235,2.881255505138202,0.13357096469693905,0.001141621656643958
329,OK,MLG,3.087537729402165e-05,-0.0619519580394633,0.6523520644029921,1.0079896621145495e-05
330,OK,NG,0.0008225195857577157,-1.2131551964827227,0.00663929288865447,0.003181550513261458
331,OK,NUC,0.0,0.0,0.0,0.0
332,OK,OOG,-2.111671407823896e-05,0.042528628747431074,0.4194888278971508,8.782667429609866e-06
333,OK,ORW,0.0001094145508452182,-0.21892530056377463,0.24382188491235912,6.093275178597307e-05
334,OK,OTH,-1.0079946568195714e-05,0.02035959900489608,0.13689185241207413,8.436858847903356e-06
335,OK,PC,1.1323658809711598e-05,-0.022702426092297126,0.9036144578313251,2.61508698479939e-06
336,OK,RFO,-0.0001561071396154536,0.3138966752561815,0.281583616103718,0.00011151214943920369
337,OK,SUN,7.860469631653835e-07,-0.001577858270727313,0.23076923076923073,4.53824425779222e-07
338,OK,WND,0.016631889918736327,-33.34901610740866,0.8890619995898473,0.001857871808461831
339,OK,WOC,0.0,0.0,0.0,0.0
340,OK,WOO,6.988299342339478e-09,-1.3886187195382187e-05,0.00810738799854714,3.456832578947217e-08
341,OK,WWW,-5.4836947530643765e-05,0.11330116306774551,0.025054241605614112,0.00010817399487525506
342,AR,COL,-0.0006872685878917947,1.8525150276981843,0.0039974271578173395,0.003430571263839567
343,AR,DFO,-1.4252362644313543e-06,0.0034950588656529717,0.0008911965235177934,1.5090600265179372e-05
344,AR,GEO,0.0,0.0,0.0,0.0
345,AR,HPS,2.259300571406478e-05,-0.04475694258341777,0.0342473113643834,3.7939686154137594e-05
346,AR,HYC,-0.0014237796949415722,2.917314853541821,0.09533874586140445,0.0013869189201995548
347,AR,MLG,0.00011056975563433142,-0.22154500828884283,0.9171779979170236,1.050708868964689e-05
348,AR,NG,0.01042661638461937,-20.768770154540828,0.5639518483208625,0.0028992763176897587
349,AR,NUC,-0.006843878710693281,14.009549297445645,0.6964553642529059,0.0014287851954210699
350,AR,OOG,0.0,0.0,0.0,0.0
351,AR,ORW,-1.7694287008154734e-06,0.003974474057353171,0.0011811090357610769,1.6271644424477685e-05
352,AR,OTH,6.451086102038697e-06,-0.012618624370334787,0.027194715464545136,1.2201227906840287e-05
353,AR,PC,1.1815332945348266e-05,-0.02364804260554536,0.0495240788202359,5.1761674891932875e-05
354,AR,RFO,-0.0005523587321372369,1.1114708723154443,0.5269795335495978,0.0001654871648868899
355,AR,SUN,6.463753015950046e-07,-0.0012974906887350392,0.23076923076923073,3.731849543734015e-07
356,AR,WND,0.0,0.0,0.0,0.0
357,AR,WOC,0.0,0.0,0.0,0.0
358,AR,WOO,-7.0823125514793294e-06,0.014305793160119278,0.25573159948631696,3.8207417284871645e-06
359,AR,WWW,-0.001045542445047688,2.1287736712524077,0.8214951024879883,0.0001541218618861611
360,IL,COL,-0.00763518626386027,15.793531185845616,0.756082755766944,0.001371374981378182
361,IL,DFO,-3.658354035689474e-05,0.07403430589213832,0.7668891626123197,6.3782371653683e-06
362,IL,GEO,0.0,0.0,0.0,0.0
363,IL,HPS,0.0,0.0,0.0,0.0
364,IL,HYC,-1.7844482305157042e-05,0.03654816288808462,0.44191570792072155,6.341385175303868e-06
365,IL,MLG,-2.405072972470736e-05,0.05142917122275899,0.09770963188480136,2.3111744618832962e-05
366,IL,NG,0.0017622227624884315,-3.5082318152430334,0.26309854776046643,0.0009326233560161008
367,IL,NUC,0.0008412996395055843,-1.2066305867098273,0.1626231675725056,0.0006036983173958875
368,IL,OOG,7.997205000947239e-05,-0.15960151887929633,0.3272625568593215,3.625875346441049e-05
369,IL,ORW,-9.252989705655741e-06,0.0186395647093041,0.2317507838261417,5.327488685904734e-06
370,IL,OTH,0.00013253758566609717,-0.26547022775228934,0.6059008330958676,3.3801894248931656e-05
371,IL,PC,-5.7540211176716326e-05,0.11576016673239267,0.7332048883710485,1.7354724102677782e-05
372,IL,RFO,-0.0003259957645351409,0.6547500160013319,0.4715948356922984,0.00015432133152325908
373,IL,SUN,2.6906649077755925e-05,-0.0539827408547114,0.81517165187054,4.05153291467487e-06
374,IL,WND,0.005642889725708324,-11.316311259026055,0.9582616059311864,0.000372415190260998
375,IL,WOC,-0.0004662205379213845,0.9400756209400576,0.7641282960279292,0.00010574760913140438
376,IL,WOO,-3.87312667131982e-08,7.790906347993797e-05,0.3977272651437773,1.5071817279859175e-08
377,IL,WWW,1.0600070462388783e-07,-0.00021190346307540202,0.07626122847695183,1.394384093472532e-07
378,CO,COL,-0.010955653496041919,22.6800196129535,0.7556344162380079,0.0019701642899136017
379,CO,DFO,-2.255780904208386e-05,0.04559429646465648,0.46755457201108064,7.612342373761643e-06
380,CO,GEO,4.338603975815712e-05,-0.08709024380787407,0.23076923076923078,2.504894173344382e-05
381,CO,HPS,-0.00016615456552012935,0.32997364047978445,0.2820109681224707,8.383747394202311e-05
382,CO,HYC,5.382592619353859e-06,0.02115860128603545,1.3039041460192257e-05,0.0004713742419718973
383,CO,MLG,8.94163755531814e-05,-0.17932742722807038,0.9096016815524703,8.913979083831194e-06
384,CO,NG,-0.0035870259418533047,7.438980036917259,0.23590692861127074,0.002041443196929105
385,CO,NUC,0.0,0.0,0.0,0.0
386,CO,OOG,-5.091585585897352e-06,0.01025136127702805,0.8587016008011723,7.806412800628846e-07
387,CO,ORW,1.4764397091207372e-06,-0.0022779391203348208,0.007850251127772108,5.248830586649032e-06
388,CO,OTH,6.923331796809164e-05,-0.1382943173007663,0.37939524827596793,3.130630100055433e-05
389,CO,PC,0.0,0.0,0.0,0.0
390,CO,RFO,-4.225950381902577e-06,0.008499139329617836,0.16437831022168167,6.737394722119556e-06
391,CO,SUN,0.0005174053367905013,-1.0379763876370374,0.8564772957765646,6.697817053103467e-05
392,CO,WND,0.013948081291142727,-27.95624817848188,0.9689184667789159,0.0007899908664429055
393,CO,WOC,0.0,0.0,0.0,0.0
394,CO,WOO,3.6525851576160706e-06,-0.0073011439728236415,0.3299310572786712,1.6460707403334804e-06
395,CO,WWW,2.946176520400725e-05,-0.05911976866730286,0.16068984284024776,2.3805691268912774e-05
396,WY,COL,-0.00941880367285649,19.83782915857816,0.8283727766194574,0.0013557384828210086
397,WY,DFO,-1.1188212005659946e-05,0.023448802041514262,0.11504037460793337,9.812897721023663e-06
398,WY,GEO,0.0,0.0,0.0,0.0
399,WY,HPS,0.0,0.0,0.0,0.0
400,WY,HYC,0.00015910221003761102,-0.3015292150434384,0.028784652790099487,0.00029224930227766645
401,WY,MLG,0.0,0.0,0.0,0.0
402,WY,NG,0.0005292080214783154,-1.0534767363811186,0.3679005654478089,0.00021935820903950363
403,WY,NUC,0.0,0.0,0.0,0.0
404,WY,OOG,0.00027467927831003285,-0.5461687775860936,0.26822190703097365,0.00014347243747745198
405,WY,ORW,0.0,0.0,0.0,0.0
406,WY,OTH,-2.6655838015395624e-05,0.05503246080891018,0.09242323149712442,2.6414564285211617e-05
407,WY,PC,0.0,0.0,0.0,0.0
408,WY,RFO,-8.176140152102075e-06,0.016423361663284952,0.9386505776537833,1.0451330817418613e-06
409,WY,SUN,0.0,0.0,0.0,0.0
410,WY,WND,0.008490584029921212,-17.00899014333516,0.8039016402187019,0.0013260902674534533
411,WY,WOC,0.0,0.0,0.0,0.0
412,WY,WOO,6.33249444732672e-06,-0.012702093898237152,0.41338975007609174,2.385447095252929e-06
413,WY,WWW,0.0,0.0,0.0,0.0
414,CT,COL,-0.013212983044766377,26.623566235202514,0.7942663687810257,0.002126524724637746
415,CT,DFO,0.00016728342909919452,-0.33462156849093444,0.23112071082079566,9.648561546870768e-05
416,CT,GEO,0.0,0.0,0.0,0.0
417,CT,HPS,2.044118788040386e-06,-0.004042808243622846,0.0011498378597683619,2.0082452358537817e-05
418,CT,HYC,-0.00044589187396955863,0.9092771923634003,0.25102900680059737,0.000243556712289632
419,CT,MLG,-0.0005658830430294912,1.1580835172831796,0.632917692928776,0.00013628083579043148
420,CT,NG,0.022012998785088972,-43.87662789459064,0.8471243645687534,0.0029571595757555864
421,CT,NUC,-0.0020696647803385643,4.647074986762007,0.12425596868162127,0.0017375206413896397
422,CT,OOG,-5.653746439615562e-06,0.011416596494143309,0.02297581506401488,1.228944488510776e-05
423,CT,ORW,2.328961031442612e-06,-0.004674135624153949,0.38285529513869065,9.856373257164864e-07
424,CT,OTH,-0.0005301810223554959,1.0863464099331928,0.6226210536283552,0.00013052722680217417
425,CT,PC,0.0,0.0,0.0,0.0
426,CT,RFO,-0.005726365110754057,11.530013450325109,0.6018401242785059,0.0014728794806332026
427,CT,SUN,3.3892424131422407e-05,-0.06802195768186148,0.5340825788509657,1.0551923805861828e-05
428,CT,WND,0.0,0.0,0.0,0.0
429,CT,WOC,0.0,0.0,0.0,0.0
430,CT,WOO,7.285075441025805e-05,-0.14552396734141942,0.404534814762573,2.795015941174869e-05
431,CT,WWW,0.00026544078212797277,-0.532672206044927,0.36582087691669235,0.00011051961813328612
432,MA,COL,-0.019161243928469865,38.67948801020009,0.7686656784313289,0.0033241069639103624
433,MA,DFO,-3.458305377322126e-05,0.0746859132240556,0.0014423383795653113,0.00028775066376727
434,MA,GEO,0.0,0.0,0.0,0.0
435,MA,HPS,-2.8504268880817354e-05,0.04462288633216741,0.0009059508081950365,0.0002993372633054826
436,MA,HYC,0.0005327592923314945,-1.0444619960489567,0.1563426069318096,0.0003913590823493136
437,MA,MLG,0.0009997726068914352,-1.981373868028784,0.8572032623293468,0.00012903825114662085
438,MA,NG,0.021748544810589056,-43.13637216079584,0.7709129940837193,0.0037491062526843278
439,MA,NUC,0.004370951483469181,-8.644783158472997,0.5430616665592116,0.001267886006511771
440,MA,OOG,0.0,0.0,0.0,0.0
441,MA,ORW,-5.001040524878478e-05,0.10070461777948074,0.5227967882007793,1.592664656839736e-05
442,MA,OTH,0.0011942197247612378,-2.378816546689253,0.8601943458667566,0.00015224685014673267
443,MA,PC,0.0,0.0,0.0,0.0
444,MA,RFO,-0.01139566868362646,22.9426420087534,0.6442431981343089,0.002677882389801885
445,MA,SUN,0.0009104357170186283,-1.827276308522158,0.5203933211005672,0.00027639236448916414
446,MA,WND,0.0006836265136201745,-1.3717195170049574,0.7478717376394263,0.00012552091679035644
447,MA,WOC,0.0,0.0,0.0,0.0
448,MA,WOO,-1.352811754643101e-05,0.027332034630514535,0.26049161615702926,7.207954625784059e-06
449,MA,WWW,0.00024271416367498423,-0.48364010213131536,0.04467406859710159,0.0003549303606123035
450,VT,COL,0.0,0.0,0.0,0.0
451,VT,DFO,-0.00011132611458496417,0.22431337107269028,0.21717179869846787,6.683878845342303e-05
452,VT,GEO,0.0,0.0,0.0,0.0
453,VT,HPS,0.0,0.0,0.0,0.0
454,VT,HYC,0.012700248170589753,-25.29664543214953,0.15983842863636658,0.009207739274110874
455,VT,MLG,0.0006552909146835395,-1.3140415039471254,0.7375807262259848,0.00013028846780841966
456,VT,NG,1.1215970829943097e-05,-0.02207588262458366,0.08101338040036399,1.1945740827220881e-05
457,VT,NUC,-0.02818669679870985,57.309963027289115,0.2287494369617338,0.0163667298505726
458,VT,OOG,0.0,0.0,0.0,0.0
459,VT,ORW,0.0,0.0,0.0,0.0
460,VT,OTH,0.0,0.0,0.0,0.0
461,VT,PC,0.0,0.0,0.0,0.0
462,VT,RFO,3.12649170247141e-05,-0.06271371552797467,0.6213076137943416,7.71875452134313e-06
463,VT,SUN,0.0010810409345264076,-2.1698565885835994,0.3184738748353517,0.0005000880621906255
464,VT,WND,0.008655864443475218,-17.370925058804968,0.4459031875350322,0.003051286474504734
465,VT,WOC,0.0,0.0,0.0,0.0
466,VT,WOO,-3.175489766153299e-05,0.0642482094551374,0.12181007452699434,2.69626974376931e-05
467,VT,WWW,0.005176153305238427,-10.324541920639097,0.1557212983056041,0.003811325490291645
468,DE,COL,-0.06167123469783806,124.35091816206463,0.8127869377697492,0.00935970927432779
469,DE,DFO,-0.0035055291885268936,7.060530405703456,0.47528847097822674,0.0011647567904271813
470,DE,GEO,0.0,0.0,0.0,0.0
471,DE,HPS,0.0,0.0,0.0,0.0
472,DE,HYC,0.0,0.0,0.0,0.0
473,DE,MLG,0.0009819102419180424,-1.9615827671648975,0.1334255033189454,0.0007913257843910156
474,DE,NG,0.07498670738863131,-150.20897399820083,0.8657689979731716,0.009337050020793086
475,DE,NUC,0.0,0.0,0.0,0.0
476,DE,OOG,-0.0051447383673603915,10.388952363268519,0.37632889609973696,0.00220767971506531
477,DE,ORW,0.0,0.0,0.0,0.0
478,DE,OTH,-1.6092576669511064e-05,0.03260161604514096,0.012614497703580392,5.033719202448419e-05
479,DE,PC,,,,
480,DE,RFO,-0.006052440094819846,12.180885356381989,0.5082904662989056,0.0018824733301219321
481,DE,SUN,0.0006439484947522908,-1.2921509581521728,0.7318840773841483,0.00012325123679895976
482,DE,WND,7.685656950290909e-05,-0.1541513410823329,0.7680349539744802,1.3356780123599879e-05
483,DE,WOC,0.0,0.0,0.0,0.0
484,DE,WOO,-2.4191250756551786e-06,0.012053946963080478,1.990127822644848e-06,0.0006481393442270802
485,DE,WWW,0.0,0.0,0.0,0.0
486,MD,COL,-0.01764167328517389,35.96642343862287,0.7650569221087364,0.003091535425741641
487,MD,DFO,-0.0004365585609480087,0.8829794340953597,0.3573019241062933,0.0001851519675798074
488,MD,GEO,0.0,0.0,0.0,0.0
489,MD,HPS,0.0,0.0,0.0,0.0
490,MD,HYC,0.0006933493270722997,-1.3499681923778557,0.11165612730639311,0.0006184454143205871
491,MD,MLG,0.0003691227944197311,-0.7325445769332802,0.8996102536849542,3.899315220436275e-05
492,MD,NG,0.007753733454189662,-15.519182279159256,0.6439748519912097,0.0018231262795635158
493,MD,NUC,0.012297086319881223,-24.37975490282308,0.9340130888681684,0.0010336050918821154
494,MD,OOG,-0.0007949833287979325,1.6019858082207206,0.8726457662063115,9.603857822669185e-05
495,MD,ORW,1.5094427065062206e-05,-0.03028721716813937,0.60282919945904,4.084010919229772e-06
496,MD,OTH,0.0003130954620052915,-0.6223665755490709,0.8550806048391976,4.0760218321196214e-05
497,MD,PC,0.0,0.0,0.0,0.0
498,MD,RFO,-0.004108247679444713,8.268333168152793,0.49254960440161166,0.001318646629423438
499,MD,SUN,0.00025055137848594957,-0.5028198788983463,0.6477861842926341,5.8423039739726585e-05
500,MD,WND,0.0011580745431500415,-2.323462129878625,0.7868190532894674,0.00019062211079492913
501,MD,WOC,0.0001893763402146717,-0.3799504588775076,0.5917273172451847,4.974392742789844e-05
502,MD,WOO,-8.867490673865545e-06,0.017934788877801564,0.19104470496751347,5.770261547811147e-06
503,MD,WWW,-4.7706671956612484e-05,0.09977866544489056,0.15883413972804555,3.4717465485738394e-05
504,DC,COL,0.0,0.0,0.0,0.0
505,DC,DFO,-0.09578889494487948,193.18898471175333,0.6903177014637425,0.022683175635664462
506,DC,GEO,0.0,0.0,0.0,0.0
507,DC,HPS,0.0,0.0,0.0,0.0
508,DC,HYC,0.0,0.0,0.0,0.0
509,DC,MLG,0.0,0.0,0.0,0.0
510,DC,NG,0.0910649283488032,-182.6912268453479,0.6077083458118403,0.0231370552844718
511,DC,NUC,0.0,0.0,0.0,0.0
512,DC,OOG,0.0,0.0,0.0,0.0
513,DC,ORW,0.02218175313059034,-44.52617245080501,0.23076923076923078,0.012806641141044156
514,DC,OTH,0.0,0.0,0.0,0.0
515,DC,PC,0.0,0.0,0.0,0.0
516,DC,RFO,0.0,0.0,0.0,0.0
517,DC,SUN,0.0,0.0,0.0,0.0
518,DC,WND,0.0,0.0,0.0,0.0
519,DC,WOC,0.0,0.0,0.0,0.0
520,DC,WOO,0.0,0.0,0.0,0.0
521,DC,WWW,0.0,0.0,0.0,0.0
522,GA,COL,-0.0356728145764533,72.18610269836458,0.8828404594614712,0.004109463167544693
523,GA,DFO,-1.9008863902719562e-05,0.03895355014556293,0.058085017638900435,2.420638581181739e-05
524,GA,GEO,0.0,0.0,0.0,0.0
525,GA,HPS,-0.0002860300872069655,0.5711525471253739,0.1311231285950804,0.000232836566027134
526,GA,HYC,1.8713015576569855e-05,-0.014577492873145564,0.00016656839946098436,0.0004584703980050567
527,GA,MLG,0.00013754758378243718,-0.275762078415934,0.8914042715092847,1.5181755115241005e-05
528,GA,NG,0.03229977588998965,-64.70966979760713,0.9211100628846108,0.0029891970880498307
529,GA,NUC,0.002987256607565386,-5.752133742191233,0.35343152154312624,0.0012776948793342385
530,GA,OOG,0.0,0.0,0.0,0.0
531,GA,ORW,0.00012553629508500568,-0.25157509885169516,0.4609911889327114,4.292605001539412e-05
532,GA,OTH,1.6447517254491115e-05,-0.032610194370801066,0.0651033515355538,1.970972109333252e-05
533,GA,PC,-0.000301919801389553,0.6097950206348385,0.870962433262325,3.674937589708081e-05
534,GA,RFO,-0.00017129690040465433,0.3450410212621265,0.771411997702657,2.948716541566256e-05
535,GA,SUN,7.013143727069155e-05,-0.14075860418706343,0.4698667567743696,2.355688700904124e-05
536,GA,WND,0.0,0.0,0.0,0.0
537,GA,WOC,0.0,0.0,0.0,0.0
538,GA,WOO,-4.14999327030247e-06,0.008362271636359286,0.14139367461454952,3.615633903765495e-06
539,GA,WWW,0.0007997973656372916,-1.582287131863843,0.4965283953759361,0.0002546803366385573
540,MO,COL,-0.004508685759824544,9.88220133321572,0.5085056550775717,0.0014017202150178479
541,MO,DFO,1.0335447973740968e-05,-0.019939550026202773,0.027937856486880092,1.92787902879934e-05
542,MO,GEO,0.0,0.0,0.0,0.0
543,MO,HPS,4.63772523578077e-05,-0.09001297023789757,0.0031393743833673833,0.00026133686752266984
544,MO,HYC,2.441341976312993e-06,0.008725919497104873,2.2873857675799428e-06,0.0005104561192901816
545,MO,MLG,9.447978605997304e-05,-0.18937116982050622,0.9238381773486031,8.57846557631211e-06
546,MO,NG,0.0013235602144254803,-2.611318319822402,0.26418879921824073,0.0006985052920751348
547,MO,NUC,0.0015693402160089954,-3.049853745433953,0.23963846468059422,0.0008839931696746712
548,MO,OOG,-4.183373432321698e-06,0.008433536072516934,0.273689728008104,2.1550555939424775e-06
549,MO,ORW,-8.307239795908323e-06,0.01677766454545147,0.20975531680818837,5.098953474194662e-06
550,MO,OTH,-5.041926055057344e-05,0.10177981837519084,0.33020724121932343,2.2707713158245296e-05
551,MO,PC,-0.00010507122633330863,0.21139141639760772,0.47439389326447257,4.946060852146197e-05
552,MO,RFO,0.0,0.0,0.0,0.0
553,MO,SUN,1.0890173288094148e-05,-0.021858705874205415,0.39359822405888995,4.2745308678070985e-06
554,MO,WND,0.0015511704791976095,-3.1102559995257604,0.8650242245111163,0.00019376409833467818
555,MO,WOC,0.0,0.0,0.0,0.0
556,MO,WOO,1.7305505844239937e-05,-0.03471929781614287,0.6101084961617029,6.186822346609149e-06
557,MO,WWW,3.134419245409988e-05,-0.06290762964764401,0.5913919156407175,9.211447421549416e-06
558,HI,COL,-0.00012045380803256605,0.38126023931973363,0.005348328131142244,0.0005194539112957548
559,HI,DFO,2.3737930050173313e-05,0.07572889425622738,0.0005198357783166558,0.0003291522680497828
560,HI,GEO,0.0006534032546655635,-1.2920603955384662,0.49281934417943263,0.0002096132639964976
561,HI,HPS,0.0,0.0,0.0,0.0
562,HI,HYC,0.00016109641147964585,-0.31473439694399885,0.1264975131170278,0.00013386805252967184
563,HI,MLG,0.00030250934010980535,-0.591631983024518,0.47453587253948165,0.0001006643747552857
564,HI,NG,0.0,0.0,0.0,0.0
565,HI,NUC,0.0,0.0,0.0,0.0
566,HI,OOG,0.00012774303255423094,-0.252882499589184,0.16535624162587828,9.075645014849751e-05
567,HI,ORW,0.0001698470005388462,-0.32918063706125616,0.12232340280256085,0.00014387003986897449
568,HI,OTH,0.0028477963382211287,-5.695783362907739,0.7937110884785561,0.0004591088300148266
569,HI,PC,0.0,0.0,0.0,0.0
570,HI,RFO,-0.00606046486005041,12.749075885140526,0.7520907467065916,0.0011003153796809674
571,HI,SUN,0.00038720250313604055,-0.7770639231049586,0.6019845562058694,9.956241980482487e-05
572,HI,WND,0.0055137412725973925,-11.052178556234624,0.9597161442743779,0.00035722389297959456
573,HI,WOC,-1.98501211735979e-05,0.03996831914908397,0.31306466345573647,9.298310955026647e-06
574,HI,WOO,-0.00398631124881906,8.059488283633762,0.7526783806983007,0.0007225992805821064
575,HI,WWW,5.7226911092107034e-09,-1.1412953635469213e-05,0.006772009029345379,2.450309942455686e-08
576,ID,COL,-0.0003418673391284938,0.693556367197875,0.6971487412463815,7.125405415019887e-05
577,ID,DFO,-8.121019712465314e-07,0.0016372641308686866,0.3873277014083061,3.2298727148619925e-07
578,ID,GEO,0.0004645824166998632,-0.9302243647804088,0.3817201800002139,0.0001869746568017168
579,ID,HPS,0.0,0.0,0.0,0.0
580,ID,HYC,-0.02249044420722157,45.924587570817714,0.6466582159142411,0.005257243977176536
581,ID,MLG,0.0002712689811431551,-0.544253964774062,0.7926415509367387,4.387555133891341e-05
582,ID,NG,0.005804181049087733,-11.515382206117758,0.1875060279661871,0.0038207041283766004
583,ID,NUC,0.0,0.0,0.0,0.0
584,ID,OOG,0.0,0.0,0.0,0.0
585,ID,ORW,0.0007846428409332332,-1.5741740721276851,0.5887130129104815,0.000207392326391384
586,ID,OTH,8.611835957120969e-05,-0.16805133536975358,0.09068145633369029,8.623717659945235e-05
587,ID,PC,0.0,0.0,0.0,0.0
588,ID,RFO,,,,
589,ID,SUN,0.0,0.0,0.0,0.0
590,ID,WND,0.017658457417292384,-35.41802448871585,0.8519224106607926,0.0023280773669662968
591,ID,WOC,0.0,0.0,0.0,0.0
592,ID,WOO,0.0,0.0,0.0,0.0
593,ID,WWW,-0.002236127416406275,4.530329229739077,0.8519213135263324,0.00029481059090029035
594,ME,COL,-0.0013960544328225418,2.8159273619491794,0.4408348494499708,0.0004972038014484406
595,ME,DFO,-0.00013678983157268922,0.27598042289097574,0.23831239264856288,7.733372792818047e-05
596,ME,GEO,0.0,0.0,0.0,0.0
597,ME,HPS,0.0,0.0,0.0,0.0
598,ME,HYC,0.0056031264020188236,-11.011795076361679,0.5247545292901193,0.0016862086595495704
599,ME,MLG,5.714783885485835e-05,-0.10153647352916936,0.05001618166016386,7.875944524562011e-05
600,ME,NG,-0.015922684972344746,32.4102143850577,0.5799468247026427,0.0042852321176778604
601,ME,NUC,0.0,0.0,0.0,0.0
602,ME,OOG,-1.7955804197168088e-07,0.00036129073134057437,0.3506493506493506,8.638990322292672e-08
603,ME,ORW,-0.0002840875825536837,0.57431651913036,0.20011598182883655,0.00017960766794471666
604,ME,OTH,0.0010898305697830451,-2.1665817668877976,0.6202700903802733,0.0002696534423217064
605,ME,PC,0.0,0.0,0.0,0.0
606,ME,RFO,-0.004182128174093334,8.437090736730083,0.4197230861273277,0.001555011325909702
607,ME,SUN,0.0,0.0,0.0,0.0
608,ME,WND,0.010040092429990374,-20.13939781073683,0.9133194343110677,0.0009781089434452606
609,ME,WOC,0.0,0.0,0.0,0.0
610,ME,WOO,-6.490266132933195e-05,0.13125186307243863,0.2542570517321482,3.514961558322373e-05
611,ME,WWW,0.005196547099168734,-10.225664706059188,0.39313780024434214,0.0020416792253592454
612,IN,COL,-0.0164652456094599,33.97353679790248,0.8166477659701846,0.002467140753190742
613,IN,DFO,1.651206182859856e-05,-0.0319993884136564,0.21538729832939318,9.965955163131418e-06
614,IN,GEO,0.0,0.0,0.0,0.0
615,IN,HPS,0.0,0.0,0.0,0.0
616,IN,HYC,-4.328725963446093e-08,0.003659229764951335,2.886591604633503e-07,2.5478118795237315e-05
617,IN,MLG,0.0002356062594643854,-0.47115908799406625,0.8841370839373324,2.6971136582609565e-05
618,IN,NG,0.010803559972303657,-21.648137637172308,0.7596413420938926,0.0019217304697822179
619,IN,NUC,0.0,0.0,0.0,0.0
620,IN,OOG,-0.00013592098860929207,0.2931341811473498,0.03672760444115912,0.00022012267453177728
621,IN,ORW,6.339616441709546e-05,-0.12730660196580856,0.7387309646399817,1.3329651922934726e-05
622,IN,OTH,2.2496943288807595e-05,-0.04188706441987029,0.029578909010421428,4.074858676819476e-05
623,IN,PC,0.001079073618949056,-2.1625528663902833,0.7330755363910159,0.00026582466535981803
624,IN,RFO,9.580578804177737e-07,-0.0018301104897764343,0.01208942006396724,2.738721251084673e-06
625,IN,SUN,9.22942410665107e-05,-0.18524350855707652,0.4837842646602974,3.014840584834353e-05
626,IN,WND,0.004175866075099766,-8.374981320733148,0.908879554502045,0.00041812035658482765
627,IN,WOC,0.0,0.0,0.0,0.0
628,IN,WOO,0.0,0.0,0.0,0.0
629,IN,WWW,0.0,0.0,0.0,0.0
630,NC,COL,-0.028279634423875214,57.33547476731849,0.8658889648442466,0.0035194511846912864
631,NC,DFO,6.0009317925330364e-05,-0.1184365672333156,0.10962007069253349,5.408306954270938e-05
632,NC,GEO,0.0,0.0,0.0,0.0
633,NC,HPS,-6.075256658865934e-05,0.12250375107814424,0.12211427928835947,6.650047878856578e-05
634,NC,HYC,0.00040598538747681456,-0.7797306974599444,0.026352927734055082,0.0007803631408037291
635,NC,MLG,0.0003268937601052204,-0.6551661298478462,0.8209144812511374,4.8282295181936595e-05
636,NC,NG,0.02413940595241228,-48.40623405692666,0.8373722902130765,0.003364066394854981
637,NC,NUC,0.002235452228913846,-4.162812794499721,0.07774760979401688,0.0024347073403858327
638,NC,OOG,0.0,0.0,0.0,0.0
639,NC,ORW,2.1888089637101057e-05,-0.043747830264951854,0.06601679666865358,2.603455554753214e-05
640,NC,OTH,0.0002889640997171362,-0.5773756339418736,0.8171381348426752,4.3227261507655657e-05
641,NC,PC,0.0,0.0,0.0,0.0
642,NC,RFO,-0.00022239833560663835,0.4477052411700221,0.8249707157983631,3.239422727264032e-05
643,NC,SUN,0.0006789100625371651,-1.362573484936973,0.5294191513012309,0.00020240887275977174
644,NC,WND,0.0,0.0,0.0,0.0
645,NC,WOC,0.0,0.0,0.0,0.0
646,NC,WOO,-8.95333060677542e-08,0.00018011069004733962,0.1738366368776575,1.126902401227163e-07
647,NC,WWW,0.00042000482229226306,-0.8291034527381776,0.5557436222307629,0.00011875006847595352
648,IA,COL,-0.024267971141598343,49.45984750778029,0.9310890135092216,0.0020877673537736748
649,IA,DFO,-0.00015710274477912832,0.31745254266951883,0.43495380077571644,5.6624474768948255e-05
650,IA,GEO,0.0,0.0,0.0,0.0
651,IA,HPS,0.0,0.0,0.0,0.0
652,IA,HYC,-0.0006538781580274727,1.3314068169681592,0.652242457442316,0.0001509838783097674
653,IA,MLG,-1.6414110300623574e-05,0.034836863298683754,0.037746246895384736,2.6207480190351303e-05
654,IA,NG,-0.0015254117069821256,3.100336660009236,0.12516989158508765,0.00127526076359564
655,IA,NUC,-0.002576910765856668,5.271307750118537,0.5088078086067136,0.000800660167513019
656,IA,OOG,0.0,0.0,0.0,0.0
657,IA,ORW,0.0001444469865783193,-0.28892400653181455,0.6584228380467407,3.2900345283615156e-05
658,IA,OTH,-2.6175120898842284e-05,0.052688334565451606,0.5085110287991571,9.09809365248609e-06
659,IA,PC,-2.0856532249499457e-05,0.04311112640020607,0.010275081100113019,6.473016656466157e-05
660,IA,RFO,0.0,0.0,0.0,0.0
661,IA,SUN,0.0,0.0,0.0,0.0
662,IA,WND,0.029097657545765362,-58.316818177789045,0.969337813308062,0.0016365226210372549
663,IA,WOC,0.0,0.0,0.0,0.0
664,IA,WOO,-7.056297891065981e-07,0.0014202458130071257,0.31823849347103045,3.651504134217407e-07
665,IA,WWW,2.722848698044645e-06,-0.005464204924788187,0.5437979292168852,8.31308279712824e-07
666,MI,COL,-0.011276832558268267,23.22254456813566,0.5200558425234176,0.003425764437365798
667,MI,DFO,-3.848871903477602e-05,0.07854180948173761,0.503592507133894,1.2084063300263321e-05
668,MI,GEO,0.0,0.0,0.0,0.0
669,MI,HPS,0.0003319321917138739,-0.6751602091951333,0.6198569252208777,8.220101616847816e-05
670,MI,HYC,0.00011316186293436724,-0.21480708006142962,0.1037754249760012,0.00010516258485335756
671,MI,MLG,0.00035756396587153654,-0.7110440473453064,0.8549843366428066,4.656741420248035e-05
672,MI,NG,0.004711772143521369,-9.34711935737645,0.24015677744675373,0.002650323293940392
673,MI,NUC,0.0015486139931325167,-2.8457365535649797,0.07115901305157264,0.0017692895272198837
674,MI,OOG,0.0006194190109580937,-1.2400540743966741,0.4338307758325238,0.00022376774267182518
675,MI,ORW,1.7111037448210215e-05,-0.03431206310158735,0.6151419274255555,4.279952779406735e-06
676,MI,OTH,-6.082159477008347e-06,0.015622506222372818,0.0007403705776524638,7.0659799148328e-05
677,MI,PC,0.0005123541301798861,-1.0269315074924643,0.5804627994307258,0.00013774260225038178
678,MI,RFO,-0.0004244415114014803,0.8544015299613282,0.7226132848455435,8.315870361703435e-05
679,MI,SUN,4.0625054888831723e-07,-0.0008154802684684822,0.23076923076923073,2.345488637591032e-07
680,MI,WND,0.0036374529345317205,-7.298844177266861,0.7225713581475959,0.0007127425051954725
681,MI,WOC,0.0,0.0,0.0,0.0
682,MI,WOO,4.833709555133389e-08,-9.681589661426897e-05,0.565831678859479,2.4445862282551548e-08
683,MI,WWW,-0.00010397308270740739,0.22377532801861913,0.04964363835220052,0.00014385745143704503
684,WI,COL,-0.010393691091338848,21.510637447970055,0.5868188106949047,0.0027579606303456193
685,WI,DFO,-0.0001542504238068754,0.31101782338014017,0.7401972481406724,2.88984471230375e-05
686,WI,GEO,0.0,0.0,0.0,0.0
687,WI,HPS,0.0,0.0,0.0,0.0
688,WI,HYC,0.0006941432808254131,-1.3651490188356157,0.21476250638392225,0.00041973038177972225
689,WI,MLG,0.00018869186213427331,-0.37214224197688167,0.49365638429956515,6.043151202786298e-05
690,WI,NG,0.009505100328630871,-18.989854195230233,0.6024545884488959,0.002441675355134768
691,WI,NUC,-0.0022263977615791797,4.662179227495206,0.11744861039764737,0.001929962261333093
692,WI,OOG,1.0019667914235972e-09,-1.98957205883679e-06,0.0019071837253655426,7.248406257588968e-09
693,WI,ORW,4.6109119242978876e-05,-0.09210563285081083,0.20781853928128097,2.8468004110545044e-05
694,WI,OTH,-9.465637007387211e-05,0.19150766186904483,0.7328434284857063,1.8072872207454636e-05
695,WI,PC,-0.0008591108875322182,1.7351083547297164,0.6546969698344782,0.00019730098444554
696,WI,RFO,-5.662892211449887e-05,0.11398834198681593,0.5744822682850614,1.5411993321285863e-05
697,WI,SUN,1.437206287036799e-06,-0.0028846556805682422,0.4222977725987019,5.315715558385253e-07
698,WI,WND,0.002691660841995998,-5.395058095611761,0.9000282770246013,0.0002836813910672065
699,WI,WOC,0.0,0.0,0.0,0.0
700,WI,WOO,1.565820303826993e-06,-0.0031399159938620973,0.8670289294934762,3.54032458680306e-07
701,WI,WWW,0.0006570216860534969,-1.3060993851208322,0.7640615956117104,0.00011545555621274426
702,MS,COL,-0.02824549142437938,57.0219008045547,0.9054457482937666,0.002886412849788871
703,MS,DFO,-4.6744452288738415e-05,0.09433658437875113,0.5318437332479998,1.3868627161954434e-05
704,MS,GEO,0.0,0.0,0.0,0.0
705,MS,HPS,0.0,0.0,0.0,0.0
706,MS,HYC,0.0,0.0,0.0,0.0
707,MS,MLG,2.1486626812387714e-05,-0.04311804260834392,0.614449355290555,5.382275342442936e-06
708,MS,NG,0.037515722440207344,-74.88773452930114,0.8964441558028831,0.004032171546570212
709,MS,NUC,-0.004803475274443807,9.85079963994697,0.3736196195446195,0.0019667981709280986
710,MS,OOG,-9.859228071166235e-05,0.1985007712086356,0.722534649453834,1.9320481794679176e-05
711,MS,ORW,-7.113140370256765e-06,0.014397980770234742,0.09186781653561056,7.906954176327e-06
712,MS,OTH,-6.647023322727522e-06,0.013482926779106433,0.05748505770924794,8.511259634664275e-06
713,MS,PC,0.0,0.0,0.0,0.0
714,MS,RFO,-0.00373213980221007,7.509108436162432,0.4996995276086773,0.0011809156841278438
715,MS,SUN,0.0,0.0,0.0,0.0
716,MS,WND,0.0,0.0,0.0,0.0
717,MS,WOC,0.0,0.0,0.0,0.0
718,MS,WOO,1.0624789640188342e-07,-0.0002120708012181593,0.0068493150684931555,7.386585241784991e-07
719,MS,WWW,-0.0006068804923377991,1.248191520491973,0.7457909827758815,0.00011204438301784293
720,MT,COL,-0.012834682842197395,26.36052637995172,0.6825282308840229,0.002768072033752768
721,MT,DFO,-6.873940477453119e-06,0.01418759643207071,0.023805009320621576,1.3920020557130824e-05
722,MT,GEO,0.0,0.0,0.0,0.0
723,MT,HPS,0.0,0.0,0.0,0.0
724,MT,HYC,0.0032935948860216427,-6.263900625226998,0.14145178045087053,0.002565950750364784
725,MT,MLG,0.0,0.0,0.0,0.0
726,MT,NG,0.0020829246362006996,-4.176868180926523,0.7880234357965215,0.00034162363879354106
727,MT,NUC,0.0,0.0,0.0,0.0
728,MT,OOG,-4.140772228117788e-05,0.08346736720113805,0.2921725123604179,2.038099471356217e-05
729,MT,ORW,0.0,0.0,0.0,0.0
730,MT,OTH,0.0012766271219273812,-2.559400012185101,0.7981503920035531,0.0002030185194573399
731,MT,PC,5.9001264434989334e-05,-0.10342207004346271,0.02076217851870339,0.0001281353466136179
732,MT,RFO,-1.664670883188892e-05,0.03346534658362354,0.39198788055818484,1.1969818195929498e-05
733,MT,SUN,0.0,0.0,0.0,0.0
734,MT,WND,0.006526065726224284,-13.081014022624725,0.9724741989916268,0.00034720213134355237
735,MT,WOC,-2.3327530627474925e-05,0.05748459736517493,0.011368705756042949,6.87908113819194e-05
736,MT,WOO,2.056807903805512e-06,-0.003942951705556275,0.020971529999063557,4.44402338024323e-06
737,MT,WWW,-0.00032488842018249466,0.65458834716627,0.5117631646021892,0.00010034944887579744
738,NH,COL,-0.01268101994054162,25.60587697246344,0.9052761969368848,0.0012971589542201413
739,NH,DFO,-0.00012388860423418908,0.25192450791149634,0.02577966335928195,0.000240835960757438
740,NH,GEO,0.0,0.0,0.0,0.0
741,NH,HPS,0.0,0.0,0.0,0.0
742,NH,HYC,0.0005716979605185757,-1.0804105862072493,0.05917001465159669,0.0007208939482237493
743,NH,MLG,-4.1789173674831524e-05,0.09049503267879815,0.05819260712810622,5.316317670845832e-05
744,NH,NG,0.0018746655914890153,-3.494373475854127,0.02014834996330979,0.004134130955694228
745,NH,NUC,0.00866288055137979,-16.955344295697415,0.40691991356127605,0.003307230964465563
746,NH,OOG,0.0,0.0,0.0,0.0
747,NH,ORW,4.6996751786246805e-06,-0.009429615612833545,0.8039305643321423,7.339450092980222e-07
748,NH,OTH,2.914785037180879e-05,-0.05582877273344089,0.10731159154023634,2.6584785541215407e-05
749,NH,PC,0.0,0.0,0.0,0.0
750,NH,RFO,-0.004649218174110276,9.358404136151977,0.5137916405385293,0.001430202788889556
751,NH,SUN,0.0,0.0,0.0,0.0
752,NH,WND,0.0021793046618565214,-4.372393997300658,0.7944773593556136,0.000350515333208718
753,NH,WOC,0.0,0.0,0.0,0.0
754,NH,WOO,5.604142559459361e-06,-0.01120590949365661,0.13101326831877028,4.56413105889769e-06
755,NH,WWW,0.004167915459207157,-8.327713996306407,0.9068810849633259,0.0004223404545249835
756,NJ,COL,-0.017774014010300352,35.819110985371395,0.9292383671312712,0.0015510324165341
757,NJ,DFO,-0.00046275163480419306,0.9320063334450653,0.3309027679163377,0.00020808576832019097
758,NJ,GEO,0.0,0.0,0.0,0.0
759,NJ,HPS,0.00023426081358367346,-0.47442229450382484,0.7741539935501157,4.001217648887082e-05
760,NJ,HYC,-4.0378836696734824e-05,0.0815175332364489,0.7493181083301951,7.385538569254944e-06
761,NJ,MLG,5.838293392601384e-05,-0.10344804936182428,0.045868632779198636,8.420388027360288e-05
762,NJ,NG,0.02139728594074833,-42.63743737051958,0.9408235400618373,0.0016969892584911149
763,NJ,NUC,-0.0035338374141051297,7.607351131018367,0.19993309264672682,0.002235462434370225
764,NJ,OOG,7.927692645338522e-05,-0.15732788167903577,0.08220020691733188,8.37691920393628e-05
765,NJ,ORW,-3.54492099921776e-05,0.07143587504937182,0.08082818192504636,4.2264770263318013e-05
766,NJ,OTH,3.5415109889903985e-05,-0.062196918598221664,0.031881429918099786,6.171403936192595e-05
767,NJ,PC,7.763317913325514e-05,-0.15572739456329848,0.45369976310287974,2.6938833704760605e-05
768,NJ,RFO,-0.000543601808015344,1.0940182177775788,0.6075347410994352,0.00013816433250673208
769,NJ,SUN,0.0008027889769293722,-1.6108461186552834,0.7536288601562969,0.00014515017249538452
770,NJ,WND,1.474965141294925e-05,-0.029423704308509314,0.18982110811201575,9.6360704469012e-06
771,NJ,WOC,0.0,0.0,0.0,0.0
772,NJ,WOO,-0.0003075735404342682,0.6210222633222464,0.2765402282770521,0.0001573174893285166
773,NJ,WWW,0.0,0.0,0.0,0.0
774,ND,COL,-0.02142675134432137,43.905648530618805,0.9226308635122219,0.001962122940242174
775,ND,DFO,-5.2476778344182574e-05,0.10652567606152695,0.5725232313724707,1.4339264210070253e-05
776,ND,GEO,0.0,0.0,0.0,0.0
777,ND,HPS,0.0,0.0,0.0,0.0
778,ND,HYC,0.0020274087188977474,-4.020260674728937,0.3797222913258669,0.000819410171048193
779,ND,MLG,0.0,0.0,0.0,0.0
780,ND,NG,0.0009586609273752947,-1.9238825133066326,0.3932168300925766,0.0003765873619717586
781,ND,NUC,0.0,0.0,0.0,0.0
782,ND,OOG,-7.781661077920108e-05,0.15763268935081345,0.2654493373688157,4.093477110430068e-05
783,ND,ORW,-1.6018182123916054e-05,0.032430045557696824,0.21231418512650416,9.75663894741787e-06
784,ND,OTH,0.00012526870117846758,-0.25098367897503393,0.3705256610815233,5.442534486734149e-05
785,ND,PC,0.0,0.0,0.0,0.0
786,ND,RFO,-6.447196351190125e-06,0.013015034333971755,0.1971807958708158,4.9169800441603685e-06
787,ND,SUN,0.0,0.0,0.0,0.0
788,ND,WND,0.01846682685346712,-37.01743142026672,0.9429199964663196,0.001436801755469165
789,ND,WOC,0.0,0.0,0.0,0.0
790,ND,WOO,2.0152431482614173e-06,-0.004028559358733265,0.07021585632673813,2.3190009292523155e-06
791,ND,WWW,0.0,0.0,0.0,0.0
792,OH,COL,-0.02551008537813216,52.041173854216154,0.8473420144546873,0.0034240674034330784
793,OH,DFO,-2.2008238164670653e-05,0.04626690891390895,0.12829794312769413,1.8140926579447456e-05
794,OH,GEO,0.0,0.0,0.0,0.0
795,OH,HPS,0.0,0.0,0.0,0.0
796,OH,HYC,4.175020722220622e-05,-0.08058049470150781,0.08082638052074838,4.4522633578946555e-05
797,OH,MLG,0.0003701071813931244,-0.7420347730169761,0.9521450528802264,2.62385224159922e-05
798,OH,NG,0.02040904855549569,-40.92893749900731,0.852250050418177,0.002687218073554512
799,OH,NUC,0.0028791139167363,-5.671360150757352,0.6442631889293959,0.0006765370628577187
800,OH,OOG,0.0006010769164397953,-1.2042785954195945,0.6163520821437977,0.0001499622814135853
801,OH,ORW,1.62245880164562e-05,-0.0325045518283691,0.8419764533809574,2.2227192308175833e-06
802,OH,OTH,6.187801910535774e-06,-0.012380605042846164,0.4973963005042555,1.9669710469258614e-06
803,OH,PC,0.0001783654794928593,-0.35101429887834806,0.46024845505854844,6.108176573543478e-05
804,OH,RFO,-3.369870590036405e-06,0.006788897415332199,0.5376161385341398,1.5626021333641177e-06
805,OH,SUN,4.2941048761200726e-05,-0.08615847102829692,0.8163739491274696,6.440138768212893e-06
806,OH,WND,0.0009942571709428058,-1.994925171518232,0.7439053267849801,0.00018447612618991354
807,OH,WOC,-3.4193106887927037e-06,0.006871674714243737,0.29999999999999993,1.9741399466174325e-06
808,OH,WOO,-6.613414068967925e-07,0.0013269227972062423,0.5806037582576921,1.873599690812476e-07
809,OH,WWW,-8.809409966078602e-07,0.004464529320126862,0.0004971448942983088,1.2491004047555549e-05
810,OR,COL,-0.0017471226817107372,3.5710534398880753,0.25673273706205885,0.000940059361920276
811,OR,DFO,-3.5714494051621876e-05,0.07197055940487372,0.2537899683715804,1.9365905926369476e-05
812,OR,GEO,0.0002960074382112417,-0.5940438724262936,0.6064646408347802,7.540354459120279e-05
813,OR,HPS,0.0,0.0,0.0,0.0
814,OR,HYC,-0.005507992659331083,11.683544662588357,0.13515560538530672,0.004406008282184015
815,OR,MLG,0.00037994156537841874,-0.7604978953463586,0.9461451013634938,2.8664907293058512e-05
816,OR,NG,-0.005503257141277545,11.299316482027216,0.18823000961280983,0.0036140309687534727
817,OR,NUC,0.0,0.0,0.0,0.0
818,OR,OOG,0.0,0.0,0.0,0.0
819,OR,ORW,5.735146094537658e-05,-0.11479706135609935,0.16881591423076045,4.024263434752054e-05
820,OR,OTH,-4.925861435691874e-06,0.01067185675348191,0.04969618906273019,6.811643076815235e-06
821,OR,PC,0.0,0.0,0.0,0.0
822,OR,RFO,-0.0001355917232613288,0.2723931373247796,0.7889142457848267,3.1366260227653476e-05
823,OR,SUN,4.015495037897123e-05,-0.0805830424485251,0.6580236927794402,9.154114434581891e-06
824,OR,WND,0.012148451198185818,-24.345947450610293,0.9636609292163699,0.0007460117996106731
825,OR,WOC,0.0,0.0,0.0,0.0
826,OR,WOO,1.2972364285262964e-05,-0.026011474566531363,0.6968185941129198,4.278391827100438e-06
827,OR,WWW,-6.383438013771906e-05,0.14047169301022472,0.008070158492023187,0.00022379691288915336
828,PA,COL,-0.022239982176290255,45.11275379693186,0.9446434456332573,0.001702491694914569
829,PA,DFO,-9.242359558566802e-05,0.1876943650531695,0.18724863452852117,6.089089874108749e-05
830,PA,GEO,0.0,0.0,0.0,0.0
831,PA,HPS,8.784624274040678e-05,-0.179222202255911,0.2858925316879638,4.390394780149315e-05
832,PA,HYC,-6.559744358911217e-05,0.14355356173149952,0.022894599029565584,0.0001355161643100312
833,PA,MLG,0.0002585682482583327,-0.5123779337107206,0.9330132081786284,2.190916805455155e-05
834,PA,NG,0.022578573522811087,-45.223647213388354,0.9575974359412917,0.0015024536138167888
835,PA,NUC,0.0004747092318180841,-0.6049210696376934,0.0189932797028007,0.001078856511095411
836,PA,OOG,-1.8948759907005616e-05,0.04052148647152256,0.061172865414561545,2.347438363068291e-05
837,PA,ORW,7.048551429969023e-06,-0.014109411901087488,0.15326227498322173,5.239100069404561e-06
838,PA,OTH,6.997960235345271e-05,-0.1369380091155837,0.7764448889679233,1.187431195548643e-05
839,PA,PC,-0.0001485866077137869,0.2994867813725188,0.4767723053883921,4.9223163213916625e-05
840,PA,RFO,-0.0012086213431888983,2.432360129553921,0.5522875091613564,0.0003441178923008574
841,PA,SUN,3.038137730673094e-05,-0.06095704423946574,0.8044031615840886,4.737524720587539e-06
842,PA,WND,0.001524864269452036,-3.0569971769797024,0.9189359603121378,0.00014321967565277213
843,PA,WOC,-0.0011664723081175861,2.3864584763844237,0.38627644425183133,0.00046495585069054375
844,PA,WOO,-2.219163084510373e-07,0.000475386059639166,0.0019722436781432,1.5786296040892369e-06
845,PA,WWW,-9.111689546932772e-05,0.18586607766994637,0.7609233984981509,1.6150909418888915e-05
846,RI,COL,0.0,0.0,0.0,0.0
847,RI,DFO,0.0007568695427320657,-1.5165373528255879,0.4246314558843495,0.0002786044219773133
848,RI,GEO,0.0,0.0,0.0,0.0
849,RI,HPS,0.0,0.0,0.0,0.0
850,RI,HYC,-4.7401032213086184e-05,0.09598642160847187,0.5339623162951461,1.4003706902742403e-05
851,RI,MLG,0.0011948876767181528,-2.383052722411505,0.17881330693761838,0.0008535458625738534
852,RI,NG,-0.0020128748410789543,5.020281328691837,0.30190812079918633,0.0009679115385685589
853,RI,NUC,0.0,0.0,0.0,0.0
854,RI,OOG,0.0,0.0,0.0,0.0
855,RI,ORW,0.0,0.0,0.0,0.0
856,RI,OTH,0.0,0.0,0.0,0.0
857,RI,PC,0.0,0.0,0.0,0.0
858,RI,RFO,-0.0005394845848239583,1.0858758763454575,0.5938107415599454,0.00014109747184919402
859,RI,SUN,0.00012223611460416404,-0.24533503310153293,0.4911586912226842,3.9344116805987423e-05
860,RI,WND,0.00012620899582553287,-0.2532483704993653,0.6225570734642346,3.1076090018129824e-05
861,RI,WOC,0.0,0.0,0.0,0.0
862,RI,WOO,0.0,0.0,0.0,0.0
863,RI,WWW,0.0,0.0,0.0,0.0
864,SD,COL,-0.026749206565684792,54.09360155737687,0.7584092007143776,0.004774185652732175
865,SD,DFO,-0.0003091307583103432,0.6233328535574192,0.16322817074777465,0.00022133402806148462
866,SD,GEO,0.0,0.0,0.0,0.0
867,SD,HPS,0.0,0.0,0.0,0.0
868,SD,HYC,-0.0009172197752701593,2.3335546943354712,0.0034395478151153357,0.004937129947546839
869,SD,MLG,0.0,0.0,0.0,0.0
870,SD,NG,0.0021735320982931698,-4.334382223149435,0.12930146009818516,0.0017836032363858993
871,SD,NUC,0.0,0.0,0.0,0.0
872,SD,OOG,0.0,0.0,0.0,0.0
873,SD,ORW,0.00011474875863432412,-0.23009395168450203,0.6394788026213917,4.307946747703225e-05
874,SD,OTH,0.0011461953445674727,-2.2988354221188527,0.6984418310055667,0.0004348289397600142
875,SD,PC,0.0,0.0,0.0,0.0
876,SD,RFO,0.0,0.0,0.0,0.0
877,SD,SUN,0.0,0.0,0.0,0.0
878,SD,WND,0.02586463100729301,-51.84264613242481,0.9087828347723487,0.0025912810259563837
879,SD,WOC,0.0,0.0,0.0,0.0
880,SD,WOO,0.0,0.0,0.0,0.0
881,SD,WWW,0.0,0.0,0.0,0.0
882,TN,COL,-0.022377171653133906,45.49919042423558,0.8273683075765424,0.003232332410058091
883,TN,DFO,2.1138886369769475e-05,-0.040468365410784954,0.04167227064429037,3.20564590880591e-05
884,TN,GEO,0.0,0.0,0.0,0.0
885,TN,HPS,0.0003025443081015579,-0.6144734131611974,0.17792306008544015,0.00020565018289267438
886,TN,HYC,0.004541846510972591,-9.022943225465712,0.3229683113143483,0.002079490761421895
887,TN,MLG,8.286065337429357e-05,-0.1660076430027633,0.7650904072113598,1.451918874953244e-05
888,TN,NG,0.010437396660490407,-20.934769963581097,0.7644267288166698,0.0018322606844100784
889,TN,NUC,0.006453708070114447,-12.651186380806381,0.6661817109861132,0.001444667913379715
890,TN,OOG,3.022804429939483e-06,-0.005917343545120399,0.3096249899196194,1.4273634724521798e-06
891,TN,ORW,-2.85662401311037e-05,0.057576759998924025,0.6045318378694452,7.3063295384761215e-06
892,TN,OTH,8.966145019847685e-06,-0.01794817384834862,0.1584470711559959,6.5343797309540865e-06
893,TN,PC,0.0,0.0,0.0,0.0
894,TN,RFO,0.00016204452013660877,-0.3245810914101599,0.5952627034057372,9.448255485670636e-05
895,TN,SUN,5.6081900219863694e-05,-0.11256207190502614,0.4529918452145719,1.9488321197653358e-05
896,TN,WND,4.326253464215979e-05,-0.08643768615593471,0.4975092221957581,1.3749137020862101e-05
897,TN,WOC,0.0,0.0,0.0,0.0
898,TN,WOO,5.82372187166455e-08,-0.00010363726580803507,8.528005477531248e-05,2.2295302948001742e-06
899,TN,WWW,0.0004944213212547779,-0.9835962780114726,0.746527997345235,9.110435525782319e-05
900,VA,COL,-0.025551257732191978,51.69603826263609,0.8505733621111472,0.0033866507048715385
901,VA,DFO,-0.00020591176323982074,0.42039472101056224,0.06354719130209016,0.0002499631136268158
902,VA,GEO,0.0,0.0,0.0,0.0
903,VA,HPS,0.0001794965847581922,-0.3788377476305835,0.04340862526342322,0.00026645961990526084
904,VA,HYC,-0.00048698612170707185,0.9956543854097598,0.35509692933152,0.00020753452183134164
905,VA,MLG,0.0004975949927143149,-0.9889559329846543,0.9191010178391075,4.668376848649907e-05
906,VA,NG,0.027516956322235567,-55.08279737079823,0.8798945952312669,0.0032148916823197585
907,VA,NUC,0.0009447720156961306,-1.5241688778509508,0.02396310247770308,0.0019067274386928173
908,VA,OOG,0.0,0.0,0.0,0.0
909,VA,ORW,-1.9939024496226374e-05,0.040260912835442995,0.8144143269285349,3.009909429669306e-06
910,VA,OTH,-2.9544821523172068e-05,0.06550566092567602,0.05382936044119521,3.917026363391383e-05
911,VA,PC,0.0,0.0,0.0,0.0
912,VA,RFO,-0.0036745399500368913,7.398357553182043,0.5678559301393178,0.0010136736785019845
913,VA,SUN,0.0,0.0,0.0,0.0
914,VA,WND,0.0,0.0,0.0,0.0
915,VA,WOC,0.0,0.0,0.0,0.0
916,VA,WOO,1.4365729257845563e-05,-0.028697192191704538,0.0669547858240979,2.1893368365973672e-05
917,VA,WWW,0.0008410293444055816,-1.6649967963695256,0.3077595283783971,0.00039887231013155925
918,WV,COL,-0.003157322751776452,7.298230439046104,0.8182115355809615,0.00047061887427125073
919,WV,DFO,-3.9522126307063196e-05,0.08152247505979725,0.15602356363466965,2.9067679693033984e-05
920,WV,GEO,0.0,0.0,0.0,0.0
921,WV,HPS,0.0,0.0,0.0,0.0
922,WV,HYC,0.00034249099261935914,-0.6705230488129148,0.15198339238376282,0.0002558310574627492
923,WV,MLG,5.020757243298998e-06,-0.010063157737148084,0.12522586564853763,4.196335168993381e-06
924,WV,NG,0.0007393614660616925,-1.4811444121181172,0.3417002411939694,0.0003245234001842055
925,WV,NUC,0.0,0.0,0.0,0.0
926,WV,OOG,-7.305118185732907e-05,0.14740161009257743,0.5416014531286103,2.125244751042324e-05
927,WV,ORW,-9.028478983701017e-07,0.001817156374028805,0.4172757184470302,4.771441351545191e-07
928,WV,OTH,-1.7427743276178352e-05,0.035036514922656636,0.7492322280903779,3.810831701201701e-06
929,WV,PC,,,,
930,WV,RFO,-5.262776044889908e-06,0.01058599014990323,0.5611352249244217,1.6455136593655996e-06
931,WV,SUN,0.0,0.0,0.0,0.0
932,WV,WND,0.0019604097573804797,-3.9294303782411695,0.9276984046644532,0.00017306824534622228
933,WV,WOC,0.00023948263128996714,-0.46994249434978147,0.1791980620326655,0.0001620789272430559
934,WV,WOO,2.1690063240790703e-08,-3.870158915060071e-05,0.0001355190983644687,6.210261420895222e-07
935,WV,WWW,-3.319612886868214e-07,0.0006672798763075539,0.0725650553937297,4.485557043890134e-07
936,,COL,,,,
937,,DFO,,,,
938,,GEO,,,,
939,,HPS,,,,
940,,HYC,,,,
941,,MLG,,,,
942,,NG,,,,
943,,NUC,,,,
944,,OOG,,,,
945,,ORW,,,,
946,,OTH,,,,
947,,PC,,,,
948,,RFO,,,,
949,,SUN,,,,
950,,WND,,,,
951,,WOC,,,,
952,,WOO,,,,
953,,WWW,,,,
